,Real,Predicted
0,24.010000000000005,25.316523
1,23.85,25.31114
2,25.109999999999996,25.198772
3,25.03,26.00862
4,25.115,26.36431
5,25.330000000000002,26.552778
6,25.219999999999995,26.734009
7,25.43,26.70105
8,25.15,26.790825
9,24.609999999999996,26.624256
10,24.430000000000003,26.15689
11,24.774999999999995,25.803793
12,24.7325,25.899336
13,24.677500000000002,25.96549
14,24.499999999999996,25.983809
15,24.49,25.87642
16,24.38,25.816277
17,23.909999999999997,25.717693
18,24.35,25.355656
19,24.430000000000003,25.48926
20,24.53,25.641127
21,24.57,25.79768
22,24.59,25.896805
23,24.829999999999995,25.943851
24,25.34,26.114866
25,25.23,26.536455
26,25.54,26.652327
27,25.82,26.883167
28,25.1,27.155926
29,25.309999999999995,26.764341
30,25.42,26.675978
31,25.3775,26.710094
32,25.190000000000005,26.711756
33,25.899999999999995,26.590227
34,26.05,27.018772
35,26.28,27.343548
36,26.665,27.641056
37,26.95,28.013832
38,27.39,28.350368
39,27.029999999999998,28.768469
40,27.139999999999997,28.676298
41,26.850000000000005,28.64688
42,26.81,28.404047
43,26.95,28.245352
44,26.940000000000005,28.274176
45,26.680000000000003,28.301912
46,26.269999999999996,28.148088
47,26.200000000000003,27.793335
48,25.809999999999995,27.580112
49,25.569999999999997,27.238165
50,25.837500000000002,26.938984
51,25.69,27.016794
52,25.73,27.000486
53,25.12,27.04214
54,25.369999999999997,26.655113
55,25.25,26.636705
56,25.309999999999995,26.571035
57,25.2575,26.599813
58,26.04,26.592546
59,26.89,27.131393
60,27.02,27.98486
61,26.84,28.464445
62,26.87,28.49752
63,27.23,28.448545
64,27.079999999999995,28.61927
65,27.339999999999996,28.57923
66,27.245,28.716606
67,27.619999999999997,28.70944
68,27.85,28.949575
69,27.9875,29.218596
70,27.902499999999996,29.426937
71,27.81,29.440859
72,28.07,29.350729
73,28.1875,29.463703
74,28.3,29.596455
75,28.07,29.731747
76,28.010000000000005,29.626755
77,27.970000000000002,29.51508
78,27.85,29.428152
79,27.91,29.309975
80,27.98,29.303654
81,28.087499999999995,29.363268
82,28.0,29.476135
83,28.820000000000004,29.472986
84,28.600000000000005,30.025522
85,28.22,30.143946
86,28.11,29.90244
87,28.55,29.670656
88,28.19,29.853798
89,28.3,29.716192
90,28.66,29.7235
91,28.47,29.980364
92,28.3525,29.9826
93,28.02,29.888172
94,28.38,29.601582
95,28.450000000000003,29.706541
96,28.78,29.827929
97,28.87,30.122557
98,27.751,30.324846
99,27.725,29.633158
100,27.9925,29.240965
101,27.94,29.257767
102,27.65,29.28153
103,27.77,29.124838
104,28.1975,29.141747
105,28.2825,29.459316
106,27.970000000000002,29.684818
107,27.5,29.565691
108,27.249999999999996,29.15541
109,27.23,28.770296
110,26.96,28.589834
111,27.02,28.359509
112,27.21,28.326004
113,27.06,28.477068
114,26.59,28.473434
115,26.59,28.151545
116,26.769999999999996,27.99023
117,26.549999999999997,28.05407
118,26.58,27.96104
119,26.159999999999997,27.946484
120,26.0775,27.66161
121,26.200000000000003,27.470894
122,25.952500000000004,27.482737
123,25.720000000000002,27.347254
124,25.91,27.136683
125,25.89,27.178692
126,25.41,27.209827
127,25.679999999999996,26.908712
128,25.69,26.947433
129,25.390000000000004,26.994144
130,24.79,26.824278
131,24.779999999999998,26.331055
132,24.800000000000004,26.090557
133,25.330000000000002,26.025328
134,25.295,26.39997
135,25.54,26.591755
136,25.809999999999995,26.845896
137,25.62,27.13375
138,25.41,27.115128
139,25.49,26.923582
140,25.610000000000003,26.860992
141,25.390000000000004,26.914225
142,25.479999999999997,26.798347
143,25.55,26.804249
144,25.78,26.86263
145,26.15,27.054522
146,26.200000000000003,27.402214
147,26.069999999999997,27.595047
148,25.980000000000004,27.568705
149,25.64,27.459286
150,25.63,27.15358
151,25.42,26.993744
152,25.369999999999997,26.791832
153,25.08,26.683352
154,25.15,26.459265
155,25.760000000000005,26.420277
156,25.52,26.847288
157,25.610000000000003,26.914982
158,26.19,26.992796
159,26.379999999999995,27.408672
160,26.71,27.729376
161,25.92,28.078663
162,25.66,27.664742
163,25.809999999999995,27.230146
164,26.06,27.11395
165,25.789999999999996,27.261766
166,25.870000000000005,27.18194
167,25.830000000000002,27.204716
168,25.670000000000005,27.194891
169,25.36,27.083212
170,25.32,26.816994
171,25.03,26.665628
172,24.57,26.414932
173,24.519999999999996,26.000822
174,24.690000000000005,25.792313
175,24.715,25.851614
176,24.49,25.941315
177,24.17,25.852283
178,24.150000000000002,25.591745
179,24.189999999999998,25.454235
180,24.669999999999998,25.434423
181,24.76,25.777205
182,25.01,26.024235
183,24.430000000000003,26.303665
184,24.22,26.015646
185,23.905,25.692074
186,24.010000000000005,25.311708
187,24.060000000000002,25.218952
188,23.94,25.249163
189,23.96,25.214869
190,23.704999999999995,25.227184
191,24.039999999999996,25.06767
192,24.22,25.222336
193,23.74,25.434551
194,23.995,25.20958
195,24.26,25.255638
196,24.47,25.462471
197,24.76,25.711279
198,24.650000000000002,26.020613
199,24.629999999999995,26.072662
200,24.299999999999997,26.047709
201,25.199999999999996,25.782421
202,25.8,26.255426
203,25.62,26.91355
204,26.0,27.09677
205,26.02,27.387352
206,26.03,27.4924
207,26.33,27.503708
208,26.769999999999996,27.680285
209,26.919999999999998,28.050419
210,26.63,28.316189
211,26.54,28.21191
212,26.63,28.056433
213,26.47,28.023079
214,26.78,27.900385
215,26.59,28.058655
216,27.54,28.018988
217,27.06,28.647982
218,27.095,28.630344
219,27.530000000000005,28.60389
220,27.91,28.859556
221,28.080000000000002,29.234936
222,27.33,29.515982
223,27.72,29.101309
224,27.4,29.118128
225,27.270000000000003,28.908716
226,26.8,28.722141
227,26.919999999999998,28.324259
228,25.94,28.23269
229,25.679999999999996,27.5565
230,24.48,27.074863
231,25.58,26.074987
232,24.2,26.404957
233,25.190000000000005,25.731731
234,25.1,26.12409
235,25.51,26.318562
236,25.35,26.711594
237,25.245,26.78539
238,24.669999999999998,26.714876
239,24.05,26.257143
240,23.98,25.594254
241,24.719999999999995,25.243162
242,24.9,25.639309
243,24.57,26.02443
244,25.25,26.00153
245,25.84,26.430014
246,26.23,27.029154
247,26.6,27.558054
248,26.21,28.010534
249,25.8,27.891758
250,25.51,27.475922
251,26.0,27.034231
252,26.22,27.162674
253,25.74,27.419395
254,25.89,27.237434
255,26.04,27.240288
256,26.5,27.34732
257,26.990000000000002,27.720236
258,27.12,28.236753
259,27.21,28.553844
260,26.98,28.718702
261,25.99,28.58682
262,25.06,27.799198
263,25.06,26.755564
264,25.44,26.284288
265,25.670000000000005,26.415094
266,25.575,26.737028
267,25.45,26.8795
268,24.889999999999997,26.86409
269,24.53,26.457264
270,25.34,25.999607
271,25.89,26.35002
272,26.34,26.94872
273,26.25,27.562925
274,26.940000000000005,27.765093
275,27.0,28.267767
276,26.96,28.50072
277,27.18,28.524437
278,27.270000000000003,28.632084
279,26.98,28.71517
280,27.31,28.534752
281,27.13,28.653093
282,27.04,28.590403
283,27.160000000000004,28.493652
284,27.19,28.528288
285,26.81,28.573713
286,26.59,28.3389
287,27.249999999999996,28.069233
288,26.98,28.40146
289,26.63,28.409986
290,25.99,28.170593
291,26.01,27.604872
292,26.53,27.349133
293,26.25,27.625559
294,26.8,27.620253
295,27.160000000000004,28.004642
296,26.200000000000003,28.44279
297,26.28,27.977041
298,26.91,27.752855
299,26.76,28.073618
300,26.74,28.153044
301,26.069999999999997,28.172655
302,25.54,27.709242
303,25.3,27.106237
304,24.999999999999996,26.667925
305,24.79,26.304523
306,24.47,26.048069
307,24.299999999999997,25.76534
308,24.87,25.562225
309,24.84,25.900723
310,25.58,26.089844
311,25.280000000000005,26.692713
312,25.219999999999995,26.76896
313,25.699999999999996,26.714415
314,25.66,26.976173
315,25.6,27.061487
316,25.4,27.038387
317,25.699999999999996,26.867903
318,25.51,26.978273
319,25.760000000000005,26.909393
320,25.589999999999996,27.045538
321,25.56,26.998816
322,26.0,26.948263
323,25.53,27.22232
324,26.025,27.039179
325,25.760000000000005,27.27192
326,25.809999999999995,27.205626
327,26.03,27.194635
328,26.04,27.334564
329,25.82,27.41005
330,26.02,27.287436
331,25.959999999999997,27.351713
332,26.765,27.343554
333,27.4,27.889769
334,27.68,28.595457
335,28.105,29.101805
336,27.74,29.57136
337,27.839999999999996,29.473215
338,27.72,29.41401
339,28.0,29.263105
340,28.25,29.366873
341,28.255,29.594849
342,28.230000000000004,29.70963
343,28.120000000000005,29.731724
344,29.71,29.64719
345,29.73,30.68257
346,29.34,31.210907
347,29.56,31.137419
348,29.499999999999996,31.165846
349,29.23,31.093716
350,29.609999999999996,30.850498
351,29.53,30.984058
352,29.890000000000004,31.01043
353,29.95,31.272455
354,30.24,31.44122
355,30.199999999999996,31.704527
356,30.349999999999998,31.783098
357,30.66,31.892338
358,30.769999999999996,32.134113
359,30.495,32.3091
360,30.58,32.179337
361,30.25,32.143604
362,30.05,31.891447
363,31.285,31.629436
364,31.25,32.36436
365,31.440000000000005,32.737247
366,31.269999999999996,33.021957
367,31.37,32.99472
368,31.48,32.99885
369,31.350000000000005,33.04957
370,31.87,32.97295
371,31.74,33.281933
372,32.29,33.346577
373,32.075,33.73595
374,31.8,33.763634
375,31.555,33.55156
376,31.84,33.25213
377,32.01,33.30035
378,31.990000000000002,33.466145
379,32.04,33.548443
380,32.67,33.61799
381,32.77,34.07374
382,32.85,34.35815
383,32.6,34.51661
384,32.2,34.37882
385,31.990000000000002,33.998444
386,31.91,33.654243
387,31.995000000000005,33.451454
388,32.01,33.449894
389,32.59,33.498592
390,32.52,33.942814
391,32.19,34.12347
392,32.12,33.958843
393,32.255,33.795773
394,32.29,33.799854
395,31.940000000000005,33.836407
396,31.21,33.62181
397,31.52,33.01489
398,31.1,32.939823
399,30.47,32.666737
400,30.344999999999995,32.138405
401,30.975,31.828672
402,30.810000000000002,32.16563
403,31.075,32.27839
404,31.440000000000005,32.526035
405,31.14,32.891277
406,31.01,32.84423
407,32.42,32.69149
408,32.12,33.560856
409,31.920000000000005,33.789146
410,32.2,33.708244
411,32.11,33.803123
412,31.98,33.763218
413,32.015,33.63689
414,32.01,33.591072
415,31.8,33.57087
416,31.76,33.42481
417,30.98,33.330654
418,30.65,32.762035
419,30.5,32.267616
420,30.760000000000005,31.96648
421,30.74,32.06072
422,31.159999999999997,32.154152
423,30.679999999999996,32.515915
424,30.21,32.371883
425,29.9,31.953684
426,29.719999999999995,31.525448
427,29.27,31.216007
428,29.75,30.80241
429,29.759999999999998,30.97712
430,29.109999999999996,31.12869
431,29.07,30.780836
432,29.06,30.578007
433,29.56,30.490026
434,29.34,30.818052
435,29.190000000000005,30.853664
436,28.450000000000003,30.758774
437,28.55,30.191488
438,28.505000000000003,29.977522
439,29.35,29.880014
440,29.23,30.453743
441,29.65,30.687765
442,28.895,31.069836
443,29.29,30.706066
444,29.129999999999995,30.748749
445,29.34,30.656166
446,30.02,30.755056
447,29.84,31.276907
448,30.700000000000003,31.410868
449,30.93,32.029404
450,30.135,32.45934
451,30.700000000000003,32.06628
452,29.864999999999995,32.189255
453,30.02,31.664635
454,30.170000000000005,31.501455
455,29.91,31.5532
456,30.590000000000003,31.434498
457,30.56,31.85738
458,30.760000000000005,32.062065
459,30.700000000000003,32.281292
460,30.185,32.318993
461,30.000000000000004,31.951494
462,29.740000000000002,31.619791
463,29.300000000000004,31.290356
464,28.629999999999995,30.859905
465,29.389999999999997,30.230938
466,29.44,30.495043
467,29.66,30.737196
468,30.45,31.037792
469,30.665,31.722677
470,30.115,32.183372
471,29.279999999999998,31.970497
472,29.150000000000002,31.217962
473,28.83,30.725965
474,29.16,30.302711
475,29.754999999999995,30.383718
476,29.64,30.900202
477,29.47,31.112524
478,29.410000000000004,31.081705
479,29.190000000000005,30.992735
480,29.75,30.780537
481,29.95,31.057425
482,30.260000000000005,31.34751
483,30.330000000000002,31.69644
484,30.5,31.890059
485,30.42,32.060974
486,30.390000000000004,32.05221
487,30.13,31.993776
488,30.199999999999996,31.768158
489,30.78,31.699255
490,30.899999999999995,32.077034
491,30.74,32.362724
492,30.8,32.377888
493,30.54,32.39258
494,30.254999999999995,32.199577
495,30.56,31.896238
496,30.69,31.96187
497,30.63,32.11113
498,30.65,32.15786
499,30.32,32.19011
500,30.82,31.971846
501,30.385,32.199394
502,30.390000000000004,32.025574
503,31.345000000000002,31.935728
504,30.95,32.551125
505,30.72,32.597992
506,30.789999999999996,32.42825
507,30.78,32.361748
508,30.934999999999995,32.318146
509,31.21,32.40848
510,31.21,32.648956
511,31.175,32.766483
512,31.052,32.78191
513,31.45,32.684174
514,31.19,32.895535
515,30.78,32.822754
516,30.390000000000004,32.492363
517,30.165000000000003,32.055824
518,30.16,31.705736
519,29.759999999999998,31.57364
520,29.49,31.286348
521,29.66,30.998108
522,29.86,31.011984
523,30.03,31.19983
524,29.85,31.434736
525,29.780000000000005,31.427069
526,29.279999999999998,31.355486
527,28.98,30.964079
528,28.95,30.562342
529,29.2,30.369007
530,29.51,30.490774
531,29.49,30.80602
532,29.589999999999996,30.96432
533,29.495,31.095566
534,28.64,31.072025
535,28.0,30.450994
536,28.047,29.691628
537,27.9019,29.382874
538,27.88,29.20866
539,28.209999999999997,29.17821
540,28.539999999999996,29.440369
541,29.515,29.826435
542,29.4998,30.684286
543,29.630000000000003,31.0691
544,29.86,31.270208
545,29.08,31.449488
546,28.81,30.945879
547,28.83,30.467062
548,28.22,30.253141
549,27.089499999999997,29.774073
550,26.84,28.805021
551,26.6607,28.20913
552,26.520900000000005,27.889853
553,26.727699999999995,27.739145
554,26.71,27.887283
555,26.95,28.003088
556,27.7,28.243998
557,27.385000000000005,28.876822
558,27.079999999999995,28.956877
559,27.359999999999996,28.732288
560,26.95,28.769922
561,26.615,28.500391
562,26.4294,28.134737
563,26.37,27.842066
564,26.67,27.692417
565,26.725,27.866886
566,26.455000000000002,28.027046
567,26.940000000000005,27.929804
568,27.32,28.204319
569,27.24,28.600317
570,27.11,28.725363
571,26.81,28.659302
572,27.095,28.386776
573,27.559999999999995,28.432602
574,27.31,28.786741
575,27.68,28.79908
576,27.449999999999996,29.038336
577,27.06,28.982807
578,26.859999999999996,28.663525
579,26.96,28.355846
580,26.549999999999997,28.287846
581,26.709699999999998,28.00671
582,27.619999999999997,28.002415
583,27.249999999999996,28.656681
584,26.74,28.74888
585,26.69,28.411636
586,26.549999999999997,28.176394
587,26.7,27.968035
588,26.460000000000004,27.990973
589,26.83,27.867048
590,26.89,28.07514
591,27.21,28.235159
592,27.04,28.529938
593,27.249999999999996,28.543837
594,27.249999999999996,28.664589
595,27.15,28.70423
596,27.61,28.637226
597,27.63,28.906023
598,27.88,29.050747
599,27.911,29.276142
600,28.010000000000005,29.386719
601,27.85,29.481112
602,27.449999999999996,29.393534
603,27.929999999999996,29.05561
604,27.440000000000005,29.21139
605,27.495000000000005,28.974348
606,27.339999999999996,28.899849
607,27.283,28.772514
608,27.55,28.686613
609,27.860000000000003,28.84479
610,27.88,29.152384
611,28.030000000000005,29.317926
612,28.039999999999996,29.479317
613,28.010000000000005,29.538713
614,28.044999999999998,29.520746
615,27.87,29.516243
616,27.490000000000002,29.38479
617,27.76,29.055025
618,27.37,29.083225
619,27.37,28.857468
620,27.81,28.762188
621,27.8,29.039276
622,27.949999999999996,29.191233
623,28.149999999999995,29.363
624,28.35,29.567526
625,28.09,29.783619
626,28.14,29.685263
627,28.0,29.639526
628,27.87,29.508787
629,27.91,29.353542
630,27.915000000000003,29.312872
631,28.135,29.312994
632,28.035,29.477406
633,28.099999999999998,29.497803
634,28.18,29.544954
635,28.315,29.615519
636,28.11,29.73596
637,28.25,29.64632
638,28.16,29.684143
639,28.154999999999998,29.638714
640,28.37,29.610409
641,28.605,29.745161
642,28.61,29.976658
643,28.799999999999997,30.088312
644,28.560000000000002,30.253006
645,28.594999999999995,30.148867
646,28.7,30.097729
647,28.59,30.137476
648,29.609999999999996,30.083675
649,30.280000000000005,30.755564
650,28.935,31.552174
651,28.79,30.982737
652,28.689999999999998,30.51408
653,28.97,30.196653
654,28.825,30.264175
655,28.79,30.24388
656,29.765,30.232182
657,30.8,30.906015
658,30.6,31.95783
659,31.76,32.302197
660,31.940000000000005,33.16644
661,31.79,33.630264
662,32.61,33.649937
663,33.1,34.12486
664,32.72,34.642372
665,33.16,34.579838
666,33.49,34.77857
667,33.75,35.06612
668,33.31,35.356922
669,32.99,35.162178
670,32.66,34.802555
671,32.69,34.385635
672,33.03,34.2213
673,33.53,34.418472
674,33.845,34.89971
675,34.08,35.363743
676,34.87,35.72341
677,35.08,36.389187
678,34.85,36.806385
679,34.61,36.775723
680,34.15,36.51737
681,34.269,36.031292
682,35.02,35.869606
683,34.88,36.342354
684,35.03,36.51923
685,34.9,36.69704
686,35.59,36.670513
687,34.99,37.10307
688,34.78,36.893356
689,34.96,36.607376
690,35.67,36.579105
691,35.47,37.07126
692,34.84,37.19529
693,35.0,36.79743
694,34.715,36.67947
695,34.4,36.437565
696,35.0,36.121098
697,34.98,36.403706
698,34.59,36.57075
699,33.49,36.39004
700,33.265,35.530636
701,33.715,34.951027
702,33.67,35.03576
703,34.35,35.13202
704,34.62,35.690125
705,34.545,36.166485
706,34.36,36.31769
707,33.94,36.207302
708,34.01,35.81788
709,34.21,35.655193
710,34.325,35.73263
711,34.35,35.877758
712,34.7,35.977543
713,35.685,36.2609
714,35.67,37.065994
715,36.17,37.430164
716,36.27,37.880386
717,35.74,38.10009
718,35.44,37.77297
719,31.400000000000002,37.34672
720,32.01,34.35474
721,31.82,33.314102
722,31.96,32.897034
723,31.39,33.01363
724,31.62,32.83578
725,31.54,32.976955
726,31.85,33.037365
727,31.84,33.29457
728,31.67,33.416504
729,31.89,33.341732
730,31.7,33.433716
731,31.579999999999995,33.341934
732,32.063,33.205204
733,32.89,33.46918
734,32.7,34.17936
735,32.87,34.392307
736,32.23,34.556374
737,32.35,34.144943
738,31.79,33.981514
739,31.8,33.52275
740,31.393,33.322
741,31.62,32.987343
742,31.61,33.018566
743,32.39,33.07398
744,34.75,33.662098
745,34.15,35.58269
746,33.26,36.09112
747,33.02,35.57129
748,33.55,35.004425
749,33.4,35.045883
750,31.880000000000003,34.99293
751,31.195,33.94338
752,31.235000000000003,32.96292
753,31.152,32.58164
754,31.655,32.457233
755,32.39,32.840893
756,32.74,33.599007
757,32.69,34.222404
758,33.03,34.442745
759,32.801,34.70363
760,32.93,34.611977
761,33.32,34.602165
762,33.64,34.84218
763,32.791,35.172646
764,32.74,34.734047
765,32.455,34.443573
766,32.505,34.111378
767,32.77,34.011017
768,33.27,34.18551
769,33.28,34.648045
770,33.58,34.890522
771,33.92,35.18456
772,33.86,35.524773
773,33.88,35.609814
774,33.3,35.61676
775,33.01,35.18747
776,33.07,34.75604
777,33.76,34.603493
778,34.13,35.047916
779,34.45,35.563465
780,34.49,36.03049
781,34.64,36.24311
782,34.92,36.388313
783,34.96,36.600433
784,34.99,36.695164
785,34.58,36.72738
786,33.76,36.43512
787,33.72,35.710003
788,35.73,35.333366
789,35.57,36.58635
790,35.52,37.1694
791,35.54,37.37487
792,35.405,37.406296
793,35.525,37.265186
794,35.94,37.2416
795,36.64,37.5074
796,38.18,38.120884
797,37.5,39.465973
798,37.78,39.614407
799,37.59,39.747036
800,37.36,39.58925
801,38.155,39.29605
802,38.021,39.67847
803,37.841,39.793182
804,37.2,39.710617
805,36.74,39.207836
806,37.08,38.63509
807,37.4,38.61751
808,37.57,38.893867
809,37.64,39.189373
810,37.35,39.38463
811,37.6,39.257374
812,38.13,39.334743
813,38.45,39.729233
814,38.31,40.138443
815,38.94,40.213314
816,38.0,40.631714
817,38.36,40.159748
818,38.705,40.122192
819,38.11,40.34612
820,37.61,40.061523
821,37.22,39.565964
822,36.69,39.063442
823,36.885,38.49488
824,36.52,38.4103
825,36.58,38.197178
826,36.25,38.183952
827,36.8,37.992245
828,36.62,38.297646
829,37.08,38.352
830,37.44,38.687572
831,37.29,39.09056
832,37.29,39.158005
833,37.41,39.142956
834,37.16,39.18385
835,36.91,39.016647
836,36.13,38.75111
837,36.41,38.08972
838,35.76,37.976322
839,35.53,37.537014
840,36.04,37.20771
841,34.98,37.449425
842,35.78,36.899235
843,36.76,37.18816
844,36.89,38.047848
845,36.38,38.574215
846,36.17,38.424614
847,35.93,38.12521
848,36.055,37.775757
849,36.805,37.69408
850,36.03,38.201057
851,36.27,37.94892
852,36.66,37.964993
853,36.86,38.240807
854,37.84,38.518375
855,36.48,39.311085
856,36.35,38.740345
857,35.82,38.288605
858,36.18,37.69253
859,36.56,37.679455
860,36.8,38.00139
861,37.175,38.368595
862,37.47,38.8064
863,37.61,39.194885
864,37.62,39.432575
865,37.42,39.49866
866,37.51,39.343124
867,37.75,39.29459
868,37.98,39.430023
869,37.69,39.658997
870,37.54,39.56683
871,37.47,39.395588
872,37.86,39.25493
873,38.31,39.46284
874,37.78,39.8935
875,38.41,39.740158
876,38.11,40.05934
877,38.15,40.000645
878,37.9,39.97167
879,37.82,39.77268
880,38.02,39.614918
881,38.27,39.686836
882,37.89,39.915142
883,37.7,39.77528
884,38.05,39.560444
885,39.55,39.6935
886,39.27,40.807583
887,40.33,41.17446
888,40.16,42.002857
889,40.5,42.218506
890,40.34,42.45414
891,39.79,42.385
892,39.36,41.915394
893,40.3,41.360195
894,40.99,41.751793
895,41.42,42.480785
896,41.35,43.14764
897,41.01,43.3769
898,39.87,43.17139
899,39.8,42.218525
900,39.82,41.674408
901,40.47,41.48073
902,39.36,41.91394
903,39.209,41.43023
904,39.18,41.084137
905,39.75,40.921047
906,40.4,41.27709
907,40.01,41.940617
908,39.94,41.999004
909,39.99,41.92311
910,39.69,41.87899
911,39.86,41.636566
912,39.91,41.62961
913,40.87,41.677837
914,40.51,42.37316
915,40.4,42.476303
916,40.0,42.40089
917,39.69,42.047104
918,39.43,41.641697
919,39.06,41.280552
920,39.425,40.89027
921,39.64,40.998962
922,39.54,41.260044
923,39.97,41.34741
924,40.42,41.677666
925,40.24,42.137695
926,39.6,42.211765
927,39.83,41.75514
928,39.75,41.64713
929,39.68,41.553314
930,40.35,41.479713
931,40.1,41.92164
932,40.12,41.986645
933,40.19,42.00841
934,40.01,42.045044
935,40.34,41.926598
936,40.94,42.084736
937,40.79,42.579865
938,40.29,42.716373
939,40.32,42.398205
940,41.21,42.22234
941,41.48,42.749775
942,41.27,43.218826
943,41.11,43.28158
944,40.86,43.147617
945,40.58,42.871548
946,41.23,42.532784
947,41.5,42.828197
948,41.68,43.1994
949,41.65,43.509155
950,41.51,43.612053
951,41.68,43.524147
952,41.99,43.56466
953,41.745,43.787884
954,42.03,43.724792
955,41.72,43.868385
956,42.25,43.71953
957,41.7,43.995228
958,41.87,43.758602
959,41.9,43.73925
960,41.8,43.75628
961,41.99,43.703423
962,41.78,43.810043
963,41.67,43.724136
964,41.685,43.600544
965,42.09,43.551697
966,42.14,43.817104
967,42.45,43.9953
968,44.08,44.283195
969,44.53,45.5234
970,44.69,46.418976
971,44.835,46.86267
972,44.83,47.045662
973,44.87,47.0227
974,44.4,46.96665
975,44.5,46.58126
976,43.97,46.445114
977,43.885,46.03782
978,43.5785,45.802364
979,43.16,45.519844
980,42.86,45.135624
981,43.37,44.782894
982,43.08,45.010967
983,42.74,44.983707
984,43.23,44.750755
985,43.2,44.97652
986,43.2,45.089836
987,43.52,45.142227
988,44.08,45.374687
989,44.27,45.863876
990,44.79,46.21554
991,45.11,46.697247
992,45.33,47.100967
993,44.95,47.385715
994,45.22,47.19778
995,45.15,47.229095
996,45.17,47.179634
997,45.005,47.16036
998,44.87,47.037052
999,44.88,46.884384
1000,45.43,46.825493
1001,45.09,47.19227
1002,44.96,47.15794
1003,45.26,47.03081
1004,45.91,47.16169
1005,46.47,47.67874
1006,46.76,48.31678
1007,46.84000000000001,48.791485
1008,47.0,49.007446
1009,46.695,49.14448
1010,46.24,48.94289
1011,46.76,48.487118
1012,46.52,48.610134
1013,46.68,48.542557
1014,47.52,48.631058
1015,47.06,49.262554
1016,46.56,49.26207
1017,47.07999999999999,48.866833
1018,46.04,48.994244
1019,46.41,48.359882
1020,46.44,48.297913
1021,46.36,48.33686
1022,45.9,48.336838
1023,45.76,48.03534
1024,46.09,47.794144
1025,46.09,47.92643
1026,45.53,48.027733
1027,46.78,47.702866
1028,45.85,48.39332
1029,44.03,48.122566
1030,43.65,46.696247
1031,43.73,45.714363
1032,43.22,45.387775
1033,42.74,45.019005
1034,43.63,44.61031
1035,44.08,45.098846
1036,44.88,45.727478
1037,44.38,46.595535
1038,45.02,46.63452
1039,46.13,46.99368
1040,45.91,47.875465
1041,46.49,48.10954
1042,46.62,48.525547
1043,46.05,48.74747
1044,46.95,48.39579
1045,47.44,48.781933
1046,47.57000000000001,49.311287
1047,47.85999999999999,49.63969
1048,48.7,49.945194
1049,48.68,50.61617
1050,48.88999999999999,50.883568
1051,48.87,51.079105
1052,48.779999999999994,51.095684
1053,49.61,50.99151
1054,49.58,51.482403
1055,49.46,51.704037
1056,48.74,51.69267
1057,48.22,51.15006
1058,48.7,50.49876
1059,47.98,50.53504
1060,47.59,50.132355
1061,47.47,49.70114
1062,47.74999999999999,49.452084
1063,47.81,49.58153
1064,48.62,49.741848
1065,48.46,50.396996
1066,48.07999999999999,50.61053
1067,48.84,50.399902
1068,48.42000000000001,50.76535
1069,47.69499999999999,50.650616
1070,47.59,50.06335
1071,46.89999999999999,49.68653
1072,47.17,49.066425
1073,46.95,48.997387
1074,46.67,48.891697
1075,45.16,48.696457
1076,45.74,47.59381
1077,47.52,47.470917
1078,47.66,48.735584
1079,47.98,49.538532
1080,48.45,50.09774
1081,48.14,50.593025
1082,47.88,50.523838
1083,47.45,50.21541
1084,47.02000000000001,49.720196
1085,46.45,49.18006
1086,46.76,48.561817
1087,46.325,48.53372
1088,45.65,48.30835
1089,46.23,47.782135
1090,47.59,47.958477
1091,47.18999999999999,49.044914
1092,46.6,49.338203
1093,46.355,49.003067
1094,45.955,48.594322
1095,45.48,48.10317
1096,46.24,47.5612
1097,46.39,47.869007
1098,45.92,48.201786
1099,47.13000000000001,48.063732
1100,47.18,48.80471
1101,47.010000000000005,49.208015
1102,42.66,49.235626
1103,41.19,46.192688
1104,42.01,43.619865
1105,40.4,43.1106
1106,41.28,42.08487
1107,41.6,42.405003
1108,41.84,42.977142
1109,42.45,43.508938
1110,42.41,44.18558
1111,42.36,44.44502
1112,42.6,44.457535
1113,42.38,44.560566
1114,43.09,44.424408
1115,43.87,44.818443
1116,43.58,45.548702
1117,43.53,45.68579
1118,43.5,45.64526
1119,43.855,45.549217
1120,44.15,45.720314
1121,44.09,46.005116
1122,43.99,46.093067
1123,44.055,46.037994
1124,43.85,46.030334
1125,43.88,45.87726
1126,43.28,45.818478
1127,43.055,45.387505
1128,43.11,45.02834
1129,42.36,44.92531
1130,42.85,44.409924
1131,42.03,44.524952
1132,41.98,44.07728
1133,41.02,43.84378
1134,41.38,43.11205
1135,41.56,43.037098
1136,41.695,43.20242
1137,42.5,43.430466
1138,42.285,44.111137
1139,42.88,44.291283
1140,42.855,44.729523
1141,42.9,44.88067
1142,41.46,44.92725
1143,41.21,43.91598
1144,40.97,43.21079
1145,40.96,42.756203
1146,40.655,42.617744
1147,40.72,42.42808
1148,40.29,42.436195
1149,41.545,42.188763
1150,41.53,42.94934
1151,41.42,43.34919
1152,41.48,43.43378
1153,41.72,43.458214
1154,41.76,43.595367
1155,41.65,43.669792
1156,42.255,43.610523
1157,42.16,43.97899
1158,41.615,44.093517
1159,42.905,43.747253
1160,42.635,44.432602
1161,42.985,44.602386
1162,43.34,44.885956
1163,47.87,45.23051
1164,48.03,48.47173
1165,49.155,50.15938
1166,49.06,51.49927
1167,48.64000000000001,51.80216
1168,48.654999999999994,51.39496
1169,48.24,51.034927
1170,47.599999999999994,50.520123
1171,46.28,49.8322
1172,46.7,48.629704
1173,47.74999999999999,48.39855
1174,47.37,49.146194
1175,47.35000000000001,49.360043
1176,47.62500000000001,49.444523
1177,48.72,49.645966
1178,48.295,50.47633
1179,48.010000000000005,50.573765
1180,47.58,50.345345
1181,47.58,49.87949
1182,47.419999999999995,49.636246
1183,46.89999999999999,49.439533
1184,46.59,49.02459
1185,47.61,48.64092
1186,47.45,49.2017
1187,46.85999999999999,49.433414
1188,47.230000000000004,49.132862
1189,46.92,49.206036
1190,46.85,49.036427
1191,46.36,48.904064
1192,46.14,48.513924
1193,45.73,48.185226
1194,45.65,47.779377
1195,46.61,47.570236
1196,46.44,48.18377
1197,45.97,48.423897
1198,45.475,48.199043
1199,45.83,47.70946
1200,45.97,47.705036
1201,46.72,47.83872
1202,46.1,48.445957
1203,46.23,48.326088
1204,45.91,48.30657
1205,45.635,48.05632
1206,45.65,47.734943
1207,45.26,47.600693
1208,44.37,47.301136
1209,44.15,46.570625
1210,44.445,46.092716
1211,44.4,46.1345
1212,44.39,46.207535
1213,44.3,46.27918
1214,44.24,46.26685
1215,44.52,46.21933
1216,44.61,46.38789
1217,45.54,46.538063
1218,45.62,47.24158
1219,45.76,47.63075
1220,46.66,47.85683
1221,46.62,48.519062
1222,46.92,48.76875
1223,47.28,49.01968
1224,45.54,49.32766
1225,46.11,48.23301
1226,45.94,48.023056
1227,45.35,47.85866
1228,45.34,47.427227
1229,46.29,47.24608
1230,46.88,47.863075
1231,46.7,48.62372
1232,46.81,48.85748
1233,47.54,48.97196
1234,47.58,49.466568
1235,46.62,49.700344
1236,46.74,49.09785
1237,47.33,48.825253
1238,46.41,49.11375
1239,46.74,48.664402
1240,46.73,48.664017
1241,47.0,48.688183
1242,47.32,48.90573
1243,47.27,49.24261
1244,46.61,49.363598
1245,45.66,48.935204
1246,43.07,48.03715
1247,41.68,45.825493
1248,40.47,43.846123
1249,42.71,42.244347
1250,43.9,43.260868
1251,43.93,44.866955
1252,43.52,45.76948
1253,41.82,45.84106
1254,43.36,44.57196
1255,43.5,44.912502
1256,42.61,45.236725
1257,43.89,44.804756
1258,43.07,45.44638
1259,43.29,45.22328
1260,43.48,45.228
1261,43.04,45.353775
1262,43.98,45.113377
1263,44.3,45.62845
1264,44.25,46.1185
1265,43.48,46.299126
1266,44.11,45.80205
1267,43.9,45.937855
1268,43.87,45.8752
1269,43.91,45.82526
1270,43.94,45.831974
1271,43.29,45.862366
1272,43.44,45.43439
1273,44.26,45.322063
1274,44.61,45.861107
1275,45.57,46.40093
1276,46.63,47.305096
1277,46.74999999999999,48.426384
1278,46.8,48.96601
1279,47.45,49.122807
1280,47.11,49.522476
1281,47.0,49.41153
1282,46.89,49.210197
1283,46.68,49.0048
1284,47.010000000000005,48.760963
1285,47.51,48.885662
1286,47.62,49.32314
1287,47.77,49.62633
1288,47.199999999999996,49.84949
1289,48.03,49.52573
1290,52.86999999999999,49.891556
1291,54.25,53.404903
1292,53.690000000000005,56.099506
1293,53.980000000000004,56.77128
1294,53.36000000000001,56.908348
1295,52.64,56.280186
1296,53.24,55.32468
1297,54.15,55.239544
1298,54.4,55.899406
1299,54.38,56.45647
1300,54.92,56.69468
1301,54.15999999999999,57.120056
1302,53.51,56.75596
1303,53.64999999999999,56.0618
1304,53.31999999999999,55.804916
1305,52.84,55.50806
1306,53.765,55.08444
1307,52.97,55.560135
1308,53.85,55.31616
1309,53.93999999999999,55.792522
1310,54.19,56.10743
1311,54.19,56.406796
1312,54.25,56.512413
1313,53.690000000000005,56.557526
1314,53.93,56.16056
1315,54.35,56.104427
1316,55.22,56.387646
1317,55.21,57.147587
1318,54.2,57.509846
1319,55.91,56.925117
1320,55.81,57.734577
1321,55.78999999999999,58.086235
1322,54.980000000000004,58.193005
1323,55.27,57.626343
1324,54.059999999999995,57.497852
1325,55.14,56.62842
1326,55.2,56.961285
1327,56.13000000000001,57.257874
1328,55.7,58.067802
1329,54.13,58.162846
1330,54.82999999999999,57.05175
1331,55.349999999999994,56.920757
1332,55.82,57.279854
1333,55.67,57.83706
1334,55.95000000000001,58.010845
1335,56.55,58.23873
1336,56.309999999999995,58.72216
1337,55.48,58.759655
1338,54.8,58.14564
1339,55.04999999999999,57.331795
1340,54.04999999999999,57.127613
1341,52.17,56.427235
1342,52.33,54.848705
1343,52.3,54.25519
1344,52.78,54.115425
1345,51.64,54.52351
1346,53.11,54.03264
1347,50.99,54.804485
1348,50.56000000000001,53.775997
1349,50.79,52.923294
1350,50.480000000000004,52.71024
1351,52.290000000000006,52.49639
1352,51.79,53.709038
1353,52.17,54.031128
1354,51.220000000000006,54.383785
1355,52.055,53.836174
1356,55.09,54.06844
1357,54.71,56.281994
1358,53.0,57.127724
1359,52.16,56.18797
1360,52.0,54.956226
1361,50.16,54.21143
1362,49.410000000000004,52.67607
1363,49.28,51.51031
1364,49.71000000000001,51.02392
1365,49.69,51.273346
1366,50.5,51.530403
1367,51.09,52.27002
1368,52.42,53.04942
1369,52.19,54.294075
1370,51.82,54.662247
1371,52.64999999999999,54.43587
1372,51.17999999999999,54.775677
1373,51.35999999999999,53.89604
1374,52.1,53.532803
1375,51.3,53.906387
1376,50.88,53.605484
1377,52.57999999999999,53.167465
1378,52.95,54.137146
1379,52.35,54.92887
1380,52.029999999999994,54.863365
1381,51.03,54.511284
1382,51.65,53.59738
1383,52.84,53.570156
1384,52.05,54.455788
1385,53.07,54.40838
1386,53.17,55.0367
1387,53.59000000000001,55.39383
1388,54.35,55.798046
1389,54.66,56.4585
1390,53.49,56.93642
1391,53.86,56.282
1392,54.07,56.118023
1393,53.97,56.188316
1394,54.21000000000001,56.178825
1395,53.53999999999999,56.346127
1396,54.71,55.97314
1397,55.04999999999999,56.57736
1398,55.22999999999999,57.13958
1399,55.56999999999999,57.511185
1400,55.43,57.86297
1401,54.56,57.87498
1402,55.11999999999999,57.217648
1403,54.46,57.23659
1404,54.42,56.831192
1405,54.31,56.621918
1406,54.650000000000006,56.48525
1407,55.349999999999994,56.692047
1408,55.36,57.31076
1409,55.65,57.629173
1410,56.46000000000001,57.935204
1411,56.39,58.588684
1412,55.59,58.81444
1413,55.78,58.294117
1414,51.78,58.09808
1415,52.11,55.260952
1416,51.440000000000005,54.086117
1417,50.94,53.284
1418,49.9,52.776974
1419,49.87,51.997555
1420,50.61,51.723175
1421,49.779999999999994,52.227108
1422,49.87,52.003227
1423,49.94,51.958572
1424,50.39,51.99938
1425,50.06999999999999,52.34199
1426,51.02,52.297676
1427,51.05,52.90154
1428,51.50999999999999,53.213215
1429,51.08,53.63157
1430,51.83,53.489273
1431,50.50999999999999,53.8688
1432,50.81,53.129574
1433,50.32,52.92359
1434,50.61999999999999,52.520714
1435,50.03,52.56599
1436,51.589999999999996,52.238026
1437,52.12,53.171272
1438,51.89,54.04389
1439,52.31999999999999,54.270645
1440,53.0,54.57405
1441,52.85,55.116554
1442,52.48,55.22302
1443,51.79,54.944714
1444,52.13,54.279686
1445,52.1,54.176693
1446,52.04,54.16085
1447,51.61999999999999,54.153393
1448,51.48,53.882946
1449,50.14,53.661617
1450,49.83,52.65675
1451,49.69,51.972027
1452,50.39,51.631104
1453,50.13,52.053074
1454,50.06999999999999,52.1744
1455,51.19,52.20491
1456,50.99,52.98082
1457,51.90999999999999,53.22553
1458,49.83,53.914036
1459,48.43,52.770916
1460,49.43999999999999,51.147133
1461,50.54,51.06988
1462,51.17,51.95034
1463,51.16,52.92722
1464,51.17,53.389168
1465,51.38,53.529034
1466,51.38,53.649258
1467,52.3,53.649326
1468,52.59000000000001,54.24208
1469,53.209999999999994,54.7198
1470,53.51,55.32856
1471,53.74,55.76904
1472,53.70000000000001,56.06007
1473,53.96,56.09512
1474,53.09,56.22369
1475,55.91,55.652905
1476,55.8,57.275345
1477,56.57000000000001,58.051006
1478,56.73,58.856926
1479,56.76,59.239532
1480,56.18999999999999,59.314926
1481,56.21,58.857143
1482,56.68000000000001,58.581573
1483,56.58,58.776688
1484,56.58,58.83877
1485,56.96999999999999,58.871407
1486,57.39,59.14972
1487,57.96,59.57279
1488,58.06,60.151627
1489,58.20000000000001,60.461727
1490,58.02,60.6376
1491,58.300000000000004,60.535187
1492,57.94,60.626877
1493,58.12,60.410038
1494,57.44,60.410015
1495,57.56,59.95363
1496,57.599999999999994,59.8128
1497,57.62,59.811676
1498,57.67,59.860558
1499,57.89,59.937702
1500,57.95,60.13214
1501,58.17,60.266586
1502,58.03,60.46612
1503,58.1,60.44828
1504,57.89,60.458694
1505,57.46,60.305984
1506,57.59,59.92611
1507,57.67,59.833454
1508,57.61,59.87994
1509,57.66,59.891186
1510,57.43,59.941658
1511,56.21,59.812473
1512,57.05,58.905605
1513,56.529999999999994,59.034924
1514,56.26,58.82519
1515,57.18999999999999,58.569107
1516,57.25,59.11261
1517,56.92999999999999,59.467087
1518,56.81,59.40039
1519,57.76,59.237362
1520,57.81999999999999,59.788895
1521,57.43,60.113956
1522,56.900000000000006,59.966732
1523,57.95,59.475304
1524,58.03,59.934307
1525,57.4,60.257446
1526,57.599999999999994,59.96936
1527,57.42000000000001,59.92156
1528,57.24000000000001,59.77674
1529,57.64000000000001,59.58803
1530,57.74,59.78448
1531,57.8,59.977432
1532,58.03999999999999,60.112617
1533,57.18999999999999,60.326195
1534,57.11,59.827076
1535,56.92,59.4903
1536,57.42000000000001,59.21657
1537,57.22,59.46763
1538,57.66,59.504333
1539,57.53000000000001,59.828514
1540,57.25,59.898994
1541,59.65999999999999,59.712234
1542,61.0,61.252506
1543,60.99,62.957207
1544,60.63000000000001,63.683205
1545,60.1,63.581432
1546,59.87,62.985363
1547,59.92,62.445667
1548,59.8,62.222836
1549,59.43,62.086395
1550,59.21,61.813858
1551,58.71000000000001,61.56232
1552,60.42,61.133778
1553,60.46999999999999,62.136875
1554,60.17,62.73791
1555,58.7,62.77957
1556,59.02,61.703354
1557,58.12,61.33118
1558,58.87,60.59477
1559,59.65,60.811848
1560,60.64,61.5585
1561,60.35,62.65076
1562,60.86,62.95333
1563,61.12,63.332664
1564,60.39999999999999,63.61039
1565,60.53,63.176636
1566,60.61,62.982937
1567,61.09,62.945923
1568,60.26,63.280273
1569,59.2,62.89405
1570,59.25,61.948193
1571,60.220000000000006,61.525826
1572,59.95,62.074272
1573,61.37,62.254284
1574,61.01,63.31883
1575,61.97,63.588085
1576,62.17,64.28014
1577,62.97999999999999,64.687584
1578,62.68,65.350395
1579,62.580000000000005,65.39167
1580,62.3,65.24106
1581,63.62,64.91633
1582,63.540000000000006,65.64682
1583,63.540000000000006,65.98562
1584,63.55,66.10565
1585,63.24,66.11427
1586,63.279999999999994,65.86488
1587,62.99000000000001,65.74603
1588,62.9,65.49917
1589,62.14000000000001,65.33051
1590,62.580000000000005,64.75366
1591,62.3,64.795616
1592,62.3,64.691124
1593,62.839999999999996,64.669685
1594,62.64,65.05389
1595,62.62,65.12428
1596,63.19,65.11868
1597,62.60999999999999,65.486115
1598,62.70000000000001,65.26295
1599,62.53,65.17461
1600,62.5,65.012825
1601,62.3,64.91955
1602,62.74,64.75413
1603,62.96,64.99137
1604,63.52,65.28663
1605,63.68,65.8125
1606,64.27,66.156944
1607,65.78,66.67346
1608,65.13,67.90986
1609,64.65,68.01078
1610,63.58,67.580574
1611,63.169999999999995,66.53946
1612,63.68,65.72798
1613,63.64,65.76292
1614,63.43000000000001,65.87639
1615,63.34,65.84915
1616,64.06,65.79093
1617,64.0,66.26661
1618,64.72,66.476326
1619,64.57,67.040405
1620,64.53,67.183495
1621,64.52,67.158
1622,64.62,67.08904
1623,64.49,67.10133
1624,64.36,67.01453
1625,64.62,66.87872
1626,64.62,66.99543
1627,64.23,67.0704
1628,63.980000000000004,66.837975
1629,64.94,66.53986
1630,64.01,67.065575
1631,64.25,66.728065
1632,64.27,66.69374
1633,64.4,66.7037
1634,64.99,66.80962
1635,64.73,67.27398
1636,64.93,67.32293
1637,64.71,67.439476
1638,64.41,67.318436
1639,64.75,67.026665
1640,64.64,67.11172
1641,64.87,67.10556
1642,64.93,67.267204
1643,64.21,67.39343
1644,65.03,66.949036
1645,64.87,67.26959
1646,64.98,67.3525
1647,65.1,67.45842
1648,65.29,67.57968
1649,65.47,67.754684
1650,65.71,67.94776
1651,65.86,68.18509
1652,65.55,68.37815
1653,65.73,68.22591
1654,65.56,68.23659
1655,65.73,68.12096
1656,65.68,68.177376
1657,65.53,68.18112
1658,65.48,68.07984
1659,65.23,67.993515
1660,64.95,67.78666
1661,65.48,67.50183
1662,65.39,67.7471
1663,65.04,67.848076
1664,65.5,67.65608
1665,66.4,67.86348
1666,67.53,68.59884
1667,67.92,69.73676
1668,67.83,70.508575
1669,68.27,70.695564
1670,68.46,70.94963
1671,69.41,71.12128
1672,69.3,71.79682
1673,69.08,72.01668
1674,68.81,71.89148
1675,69.0,71.57889
1676,68.94,71.53223
1677,69.04,71.488365
1678,69.31,71.5506
1679,68.46,71.77957
1680,68.38,71.310905
1681,68.43,70.99663
1682,69.41,70.90377
1683,67.48,71.57712
1684,67.71,70.62287
1685,67.69,70.25001
1686,68.45,70.109634
1687,68.68,70.62944
1688,68.77,71.09833
1689,69.62,71.372604
1690,69.96,72.03876
1691,70.41,72.55621
1692,69.84,73.040215
1693,70.1,72.80119
1694,71.76,72.768074
1695,72.28,73.87132
1696,72.52,74.78399
1697,72.39,75.30716
1698,71.95,75.34348
1699,70.32,74.940994
1700,69.78,73.55494
1701,70.65,72.489655
1702,70.27,72.6834
1703,69.9,72.68927
1704,70.0,72.503
1705,70.87,72.50597
1706,69.91,73.136665
1707,70.27,72.8116
1708,70.26,72.84222
1709,71.21,72.85394
1710,70.53,73.51344
1711,69.21,73.37959
1712,69.8,72.340935
1713,68.49,72.20006
1714,68.93,71.31566
1715,68.17,71.228546
1716,69.08,70.77139
1717,68.57,71.2286
1718,69.46,71.18202
1719,69.98,71.76422
1720,69.99,72.41664
1721,71.15,72.70044
1722,71.77,73.55405
1723,72.78,74.34335
1724,73.35,75.32539
1725,73.3,76.08584
1726,73.86,76.281044
1727,74.22,76.61674
1728,73.79,76.94486
1729,73.6,76.74152
1730,74.19,76.440414
1731,74.05,76.68058
1732,73.16,76.73035
1733,73.04,76.13267
1734,72.7,75.73564
1735,72.58,75.3518
1736,72.26,75.13821
1737,72.15,74.877144
1738,72.68,74.72167
1739,72.4,75.057304
1740,72.79,75.0743
1741,72.47,75.338196
1742,71.41,75.24308
1743,72.5,74.43603
1744,73.59,74.770065
1745,73.22,75.763725
1746,73.65,76.020645
1747,72.4,76.35427
1748,72.49,75.59229
1749,72.15,75.20112
1750,73.16,74.80922
1751,72.72,75.36357
1752,72.69,75.408714
1753,72.82,75.390465
1754,72.83,75.454796
1755,73.05,75.48857
1756,74.01,75.64858
1757,74.77,76.38289
1758,73.94,77.2606
1759,73.61,77.05671
1760,73.4,76.6025
1761,74.34,76.186295
1762,73.98,76.646675
1763,74.76,76.686516
1764,74.68,77.225494
1765,75.21,77.43103
1766,74.77,77.84221
1767,75.31,77.70054
1768,75.16,77.93732
1769,75.44,77.93806
1770,74.94,78.101
1771,74.21,77.82534
1772,74.41,77.160194
1773,73.26,76.97505
1774,73.26,76.16165
1775,73.85,75.801216
1776,73.87,76.1266
1777,74.49,76.3908
1778,74.61,76.96151
1779,74.26,77.312485
1780,74.69,77.18445
1781,75.97,77.34905
1782,76.0,78.293976
1783,76.29,78.77139
1784,76.29,79.111046
1785,76.42,79.18716
1786,77.12,79.23629
1787,77.49,79.69828
1788,77.65,80.162674
1789,77.59,80.45251
1790,77.61,80.48609
1791,77.91,80.45393
1792,78.81,80.61101
1793,78.83,81.29828
1794,78.86,81.641716
1795,78.63,81.759964
1796,78.76,81.59092
1797,83.81,81.54908
1798,83.89,84.99758
1799,83.18,86.818
1800,83.18,86.91526
1801,84.05,86.61725
1802,84.14,86.89244
1803,84.47,87.047325
1804,84.27,87.30374
1805,84.56,87.25826
1806,84.09,87.3905
1807,83.87,87.11965
1808,83.93,86.80956
1809,84.05,86.71064
1810,82.98,86.78276
1811,83.2,86.11225
1812,82.4,85.92691
1813,82.53,85.35253
1814,83.72,85.20027
1815,83.11,86.02316
1816,83.26,86.0776
1817,83.87,86.1502
1818,84.88,86.57378
1819,83.34,87.46262
1820,84.17,86.80391
1821,84.26,86.92281
1822,81.08,87.05896
1823,81.59,84.93475
1824,82.78,84.184715
1825,82.49,84.826675
1826,84.16,85.12788
1827,85.23,86.44668
1828,85.58,87.83318
1829,85.35,88.63812
1830,84.69,88.682396
1831,86.85,88.07147
1832,86.38,89.15799
1833,85.83,89.41358
1834,85.52,89.06463
1835,85.5,88.599884
1836,85.51,88.351006
1837,85.4,88.28003
1838,85.71,88.21629
1839,85.72,88.42641
1840,85.54,88.56086
1841,85.95,88.49366
1842,86.35,88.72197
1843,87.11,89.11195
1844,88.19,89.81006
1845,88.28,90.85914
1846,88.22,91.36252
1847,87.82,91.42618
1848,88.08,91.0615
1849,89.6,90.991455
1850,88.35,92.01099
1851,90.14,91.68503
1852,90.1,92.64812
1853,90.0,93.10297
1854,91.61,93.1608
1855,91.9,94.20263
1856,91.82,94.88719
1857,92.33,95.050575
1858,94.06,95.3532
1859,93.92,96.62214
1860,92.74,97.110634
1861,95.01,96.38338
1862,94.26000000000002,97.44582
1863,91.78,97.49796
1864,88.0,95.71248
1865,91.33,92.14446
1866,89.61,92.7733
1867,85.01,92.364044
1868,88.18,89.124115
1869,89.13,89.75114
1870,89.83,91.10996
1871,90.81,92.39843
1872,92.66,93.642136
1873,92.0,95.37584
1874,92.72,95.600006
1875,91.49,95.930954
1876,91.73,95.10538
1877,94.06,94.7435
1878,95.41999999999999,96.20233
1879,94.2,97.94355
1880,93.77000000000001,97.86753
1881,92.85,97.28758
1882,93.05,96.25788
1883,93.64,95.8844
1884,93.32,96.215965
1885,93.86,96.25732
1886,94.43,96.65525
1887,96.53999999999999,97.25067
1888,96.77,98.96501
1889,94.41,99.9217
1890,93.85,98.56652
1891,94.17999999999999,97.28387
1892,94.59999999999998,96.91073
1893,92.89,97.169846
1894,93.13,96.237434
1895,92.48,95.94514
1896,89.79,95.458824
1897,87.18,93.43879
1898,93.78,90.69571
1899,89.47,94.08015
1900,89.39,93.254814
1901,91.27,92.59978
1902,88.52,93.56762
1903,89.71,92.24428
1904,92.33,92.31584
1905,92.38,94.2627
1906,90.23,95.33668
1907,90.77,94.22022
1908,92.88,93.82202
1909,91.86,95.09931
1910,93.57999999999998,95.10783
1911,93.08,96.18372
1912,94.17,96.34186
1913,96.07,97.0349
1914,96.44,98.6206
1915,96.11,99.58041
1916,95.0,99.62606
1917,95.35,98.68468
1918,93.12,98.3483
1919,92.31,96.701706
1920,94.26000000000002,95.36034
1921,95.82,96.2172
1922,93.52,97.96397
1923,95.0,97.29151
1924,93.51,97.78281
1925,94.07,97.0044
1926,95.16,96.932556
1927,96.22,97.70466
1928,95.81,98.86294
1929,96.94,99.107475
1930,97.91,99.855034
1931,97.7,100.81268
1932,98.03,101.03682
1933,97.32,101.21986
1934,97.15,100.731415
1935,96.18000000000002,100.301125
1936,96.36,99.43899
1937,97.6,99.177025
1938,97.50000000000001,100.01433
1939,98.65999999999998,100.45675
1940,98.31,101.42644
1941,98.36,101.61337
1942,98.01,101.60608
1943,98.95,101.281715
1944,98.84,101.72632
1945,100.79000000000002,101.899506
1946,101.67000000000002,103.2883
1947,102.19,104.57288
1948,102.49,105.42191
1949,100.87999999999998,105.850204
1950,101.63,104.775536
1951,101.05,104.60821
1952,101.31,104.187546
1953,100.85000000000001,104.192505
1954,101.42,103.94481
1955,100.13,104.23669
1956,100.86,103.54065
1957,100.86,103.66873
1958,101.87,103.80716
1959,101.14,104.58834
1960,100.41000000000001,104.48118
1961,98.39,103.832985
1962,99.08,102.08421
1963,97.54,101.718735
1964,98.62999999999998,100.690765
1965,98.61,101.04385
1966,100.01,101.38448
1967,99.05,102.558334
1968,99.76,102.482765
1969,101.16,102.7939
1970,101.85,103.86715
1971,102.12,104.83685
1972,101.98,105.377365
1973,104.19,105.38909
1974,105.42999999999999,106.78106
1975,104.91000000000001,108.29267
1976,105.95000000000002,108.53047
1977,105.12,109.118866
1978,104.4,108.72002
1979,106.27,107.89345
1980,107.97,108.74486
1981,107.65999999999998,110.44239
1982,110.83,111.04464
1983,109.62,113.31584
1984,107.67999999999999,113.50051
1985,105.37000000000002,111.92837
1986,106.08,109.3714
1987,106.28000000000002,108.652885
1988,107.57,108.7561
1989,108.04,109.91503
1990,108.13,110.920494
1991,108.88,111.4066
1992,109.49,112.02138
1993,109.67,112.63957
1994,108.99999999999999,112.96049
1995,108.20999999999998,112.54193
1996,109.56,111.693
1997,107.65999999999998,112.192894
1998,107.64,111.24682
1999,107.58,110.72554
2000,106.87,110.52025
2001,105.97999999999999,110.02802
2002,107.06,109.22863
2003,107.56,109.643684
2004,108.4,110.32996
2005,109.6,111.26721
2006,110.25999999999999,112.50217
2007,112.01999999999998,113.455986
2008,111.95,114.95838
2009,112.33,115.4935
2010,111.71,115.772865
2011,108.49,115.32228
2012,108.74,112.77012
2013,108.20999999999998,111.6304
2014,109.38,110.97731
2015,111.24,111.69393
2016,111.71,113.52474
2017,112.91,114.78995
2018,113.37,116.057205
2019,112.14,116.79722
2020,113.21,116.088806
2021,111.7,116.267654
2022,113.57,115.32746
2023,114.26000000000002,116.10042
2024,114.67,117.07754
2025,114.45,117.81229
2026,113.98,117.90751
2027,114.40999999999998,117.493095
2028,114.37000000000002,117.50547
2029,115.61000000000001,117.50413
2030,115.15,118.35925
2031,115.17000000000002,118.488716
2032,112.79,118.467545
2033,112.12999999999998,116.767075
2034,110.85,115.4119
2035,112.26000000000002,114.024864
2036,106.16,114.5097
2037,105.91,110.82718
2038,109.57,108.80103
2039,107.60000000000001,110.72408
2040,111.00000000000001,110.780876
2041,110.71,113.09932
2042,108.5,114.08356
2043,108.66,112.79452
2044,109.63000000000001,112.01284
2045,108.09999999999998,112.33149
2046,102.32,111.55198
2047,108.3,107.179855
2048,106.96,109.12816
2049,103.85,109.756485
2050,103.72999999999999,107.937355
2051,106.81,106.853065
2052,105.92,108.59349
2053,106.16,109.078415
2054,107.51000000000002,109.37735
2055,107.72,110.360794
2056,111.96,110.93654
2057,111.75,114.00242
2058,109.57,115.31794
2059,106.87,114.08512
2060,106.94000000000001,111.27039
2061,104.96999999999998,109.874886
2062,107.28,108.12436
2063,108.29,109.09609
2064,104.62,110.61626
2065,101.71,108.90266
2066,103.11,105.858894
2067,103.07,105.38655
2068,106.47,105.512596
2069,107.14,108.13151
2070,111.12,110.026855
2071,110.19,113.48043
2072,110.89000000000001,114.30484
2073,112.09,114.6738
2074,108.52,115.3725
2075,109.19000000000001,113.09834
2076,104.82,112.22156
2077,107.59,108.96413
2078,108.59,109.36127
2079,109.08000000000001,110.70539
2080,109.45,111.87518
2081,106.03,112.64402
2082,102.89,110.52087
2083,103.97,107.10762
2084,103.69,106.26869
2085,101.51,106.10171
2086,98.23,104.79962
2087,94.13000000000001,102.01544
2088,100.56,97.97316
2089,101.18,100.711945
2090,100.39,103.16448
2091,101.56999999999998,103.84907
2092,101.12000000000002,104.733376
2093,97.4,104.68502
2094,101.93,101.91697
2095,102.06,103.532425
2096,102.79999999999998,104.72868
2097,104.27,105.78636
2098,103.59999999999998,107.18478
2099,102.79999999999998,107.25933
2100,102.05,106.51002
2101,105.01,105.498886
2102,105.37999999999998,107.04844
2103,106.12,108.22984
2104,107.71000000000001,109.22503
2105,105.68,110.64926
2106,106.71,109.79835
2107,106.19999999999999,109.82263
2108,107.17,109.48096
2109,105.07999999999998,109.96144
2110,102.93999999999998,108.808
2111,106.38,106.69938
2112,104.43,108.09274
2113,102.78,107.75948
2114,105.73999999999998,106.41204
2115,107.21999999999998,107.7789
2116,106.03,109.66644
2117,105.26999999999998,109.734726
2118,105.67,108.99722
2119,105.25,108.781235
2120,106.88999999999999,108.41653
2121,106.81,109.39228
2122,106.9,109.89838
2123,108.22,110.13275
2124,108.17,111.06887
2125,107.15,111.45271
2126,109.41000000000001,110.81286
2127,110.97,111.935
2128,111.59,113.61924
2129,112.36,114.79622
2130,112.17,115.689835
2131,112.03,115.78406
2132,112.53,115.53229
2133,112.26000000000002,115.64933
2134,111.7,115.51164
2135,111.75,115.033745
2136,110.39,114.828384
2137,110.51,113.84677
2138,112.83,113.468704
2139,113.62,115.003075
2140,114.5,116.43974
2141,114.59000000000002,117.648994
2142,115.91,118.11485
2143,117.57,119.029495
2144,117.64999999999998,120.49322
2145,117.52,121.133
2146,120.21999999999998,121.126976
2147,117.05,122.80187
2148,117.66,121.42203
2149,117.91,120.88678
2150,116.76999999999998,120.8595
2151,116.93,120.14956
2152,117.94,119.92888
2153,119.01999999999997,120.61126
2154,119.18999999999997,121.7744
2155,119.96999999999998,122.440445
2156,119.35999999999999,123.16161
2157,119.88999999999999,122.974365
2158,119.93,123.09466
2159,119.27999999999999,123.14928
2160,120.18999999999998,122.6983
2161,120.32999999999998,123.06868
2162,120.95,123.40455
2163,121.04999999999998,123.97597
2164,120.76999999999998,124.29117
2165,121.77,124.17272
2166,123.36999999999999,124.72438
2167,123.75999999999999,126.094955
2168,125.43999999999998,126.99951
2169,125.01,128.42386
2170,129.15,128.68237
2171,129.88999999999996,131.40433
2172,129.76999999999998,133.20242
2173,130.6,133.65468
2174,127.87999999999997,134.0821
2175,126.20999999999998,132.23438
2176,128.9,129.98451
2177,128.15,130.83818
2178,125.51999999999998,131.11453
2179,125.51000000000002,129.47028
2180,125.5,128.59013
2181,127.13,128.33064
2182,123.35000000000001,129.49776
2183,124.73,127.61603
2184,126.02,127.478615
2185,128.93,128.49776
2186,128.07,131.11276
2187,126.22,131.79524
2188,126.89999999999999,130.51738
2189,127.66999999999999,130.1009
2190,126.17999999999998,130.48705
2191,126.24,129.73637
2192,126.16,129.36267
2193,124.93999999999998,129.20322
2194,125.73000000000002,128.3617
2195,123.68,128.51686
2196,119.84,127.31816
2197,123.15999999999997,124.08447
2198,125.83,124.84673
2199,127.82,127.53984
2200,131.39999999999998,130.3867
2201,132.59999999999997,134.032
2202,132.1,136.29356
2203,131.49,136.48732
2204,132.32,135.63478
2205,132.45,135.52563
2206,132.84999999999997,135.56758
2207,135.16,135.87051
2208,135.69,137.60907
2209,136.95,138.84186
2210,136.96999999999997,140.10863
2211,137.78,140.53978
2212,133.43,141.06094
2213,133.93,138.19691
2214,134.15,136.91066
2215,133.96,136.71866
2216,135.67999999999998,136.76097
2217,136.58,138.09096
2218,137.46,139.45334
2219,137.05999999999997,140.6171
2220,136.96,140.72298
2221,136.46,140.47285
2222,137.84999999999997,139.89708
2223,138.4,140.53767
2224,138.9,141.31844
2225,138.9,142.00578
2226,137.08,142.24304
2227,136.27,140.9852
2228,136.42,139.69063
2229,136.61999999999998,139.25215
2230,138.43,139.3731
2231,139.28999999999996,140.81012
2232,140.71999999999997,142.18945
2233,140.19,143.71849
2234,141.33999999999997,143.91689
2235,141.02999999999997,144.5171
2236,140.35,144.48787
2237,136.27,143.86931
2238,138.06,140.70158
2239,136.9,140.33154
2240,132.21,139.7867
2241,134.69,136.48132
2242,135.28,136.60748
2243,138.88999999999996,137.57538
2244,137.71,140.71213
2245,135.79,141.49121
2246,138.59999999999997,140.1532
2247,133.97999999999996,141.13211
2248,133.68,138.55823
2249,136.13,136.88959
2250,138.41,138.00105
2251,137.26,140.4625
2252,138.78999999999996,140.9342
2253,137.78,141.9053
2254,133.39,141.5522
2255,135.44999999999996,138.15807
2256,135.73999999999998,137.76968
2257,135.55999999999997,138.19872
2258,138.12,138.49245
2259,137.85999999999999,140.42462
2260,136.04,141.23701
2261,137.62999999999997,140.15196
2262,140.05,140.47827
2263,139.1,142.37756
2264,137.52,142.69243
2265,136.08,141.5108
2266,136.11999999999998,139.77574
2267,137.52,139.00124
2268,137.31999999999996,139.8155
2269,136.33,140.29689
2270,137.39,139.83542
2271,138.51999999999998,140.25368
2272,141.07,141.28687
2273,139.44,143.52979
2274,139.13999999999996,143.43633
2275,137.37999999999997,142.82707
2276,139.36,141.19331
2277,139.54,141.72638
2278,137.73,142.35347
2279,139.03,141.44301
2280,137.07,141.78223
2281,134.65,140.71635
2282,136.27999999999997,138.48337
2283,138.12,138.57304
2284,137.12,140.22374
2285,135.66999999999996,140.50998
2286,138.24,139.49487
2287,139.1,140.6362
2288,139.67999999999998,141.92389
2289,139.54999999999998,142.87227
2290,141.57499999999996,143.06966
2291,140.41,144.35904
2292,139.69,144.13669
2293,137.40999999999997,143.31007
2294,138.43,141.26956
2295,136.36999999999998,140.98738
2296,137.24,139.72845
2297,139.94,139.8036
2298,140.73,141.91878
2299,144.19,143.64023
2300,142.82999999999998,146.66212
2301,144.61,147.00575
2302,143.37,147.88216
2303,143.72,147.26535
2304,144.55,146.96474
2305,144.45999999999998,147.37965
2306,144.06,147.56798
2307,144.26,147.34537
2308,145.96,147.32591
2309,146.11,148.49649
2310,147.06999999999996,149.22078
2311,147.31,150.0994
2312,148.06,150.57579
2313,149.96999999999997,151.16411
2314,150.33999999999997,152.65268
2315,150.39,153.55914
2316,149.61999999999998,153.81468
2317,149.48,153.21008
2318,149.58999999999997,152.68378
2319,151.23,152.52264
2320,152.03,153.63965
2321,152.31999999999996,154.82344
2322,151.37999999999997,155.50616
2323,149.55,155.01591
2324,149.30999999999997,153.34071
2325,149.85,152.30496
2326,149.93,152.36026
2327,151.75,152.65903
2328,151.35999999999999,154.12851
2329,151.12999999999997,154.62558
2330,151.69999999999996,154.52357
2331,153.23999999999998,154.72722
2332,154.52999999999997,155.8528
2333,155.53,157.28151
2334,154.68999999999997,158.5415
2335,154.36999999999998,158.37209
2336,155.71,157.79759
2337,157.41,158.34389
2338,157.41,159.843
2339,157.38,160.56548
2340,158.67,160.69084
2341,158.96,161.46239
2342,157.59,161.98802
2343,157.69999999999996,161.18456
2344,160.62,160.71156
2345,158.61999999999998,162.52997
2346,159.02999999999997,162.20964
2347,157.58,162.0811
2348,160.09,161.00555
2349,162.09,162.15489
2350,161.34,164.2842
2351,163.27999999999997,164.77487
2352,162.13,166.01723
2353,163.17999999999998,165.71593
2354,166.16999999999996,166.02356
2355,167.1,168.19008
2356,166.5,169.90314
2357,165.69999999999996,170.05501
2358,166.72,169.23279
2359,165.03999999999996,169.35535
2360,162.28,168.34088
2361,165.46,165.9098
2362,168.04,166.94293
2363,172.77999999999997,169.65405
2364,170.22999999999996,174.28723
2365,174.37999999999997,174.6135
2366,180.11999999999998,176.80145
2367,179.89999999999998,181.58305
2368,183.63,183.52254
2369,183.88999999999996,186.20204
2370,188.70000000000002,187.24669
2371,184.44,190.45316
2372,184.70999999999998,188.9165
2373,183.70999999999998,187.63675
2374,185.35,186.34317
2375,187.23,186.95198
2376,187.28,188.80434
2377,184.41999999999996,189.80106
2378,178.59,188.10153
2379,170.88999999999996,183.00055
2380,168.07,175.24393
2381,170.16999999999996,170.04248
2382,158.17999999999998,170.1293
2383,162.00999999999996,163.1998
2384,172.79,162.52693
2385,164.51,170.71582
2386,170.54999999999998,169.88794
2387,166.26999999999998,172.53102
2388,161.57,170.88435
2389,150.62,166.32033
2390,160.91999999999996,156.52643
2391,153.63,159.06924
2392,139.06,157.05365
2393,158.83,146.1405
2394,135.41999999999996,154.31606
2395,146.56999999999996,144.28026
2396,140.39999999999998,146.03036
2397,142.71,143.9995
2398,137.34999999999997,144.65106
2399,135.98,141.69438
2400,148.34,139.24509
2401,146.92,146.84734
2402,156.10999999999999,150.34642
2403,149.7,157.60516
2404,160.23,156.29959
2405,157.70999999999998,161.51764
2406,152.10999999999999,162.31018
2407,155.26,158.00528
2408,153.83,157.49611
2409,165.26999999999998,156.71402
2410,163.49,164.29387
2411,165.12999999999997,167.28087
2412,165.14,168.93672
2413,165.50999999999996,169.08928
2414,173.7,168.92297
2415,171.88,174.21236
2416,177.04,175.72105
2417,178.59999999999997,179.19917
2418,175.06,181.65022
2419,167.82,179.84122
2420,173.52,173.34889
2421,171.41999999999996,173.87622
2422,174.54999999999998,173.71498
2423,174.04999999999998,175.93604
2424,169.81,176.89876
2425,177.43,174.2279
2426,179.20999999999998,177.78189
2427,174.56999999999996,181.22655
2428,178.84,179.42719
2429,180.76,180.72928
2430,182.53999999999996,182.82314
2431,183.59999999999997,184.93301
2432,184.67999999999998,186.39212
2433,186.74,187.4602
2434,182.51,189.06465
2435,179.75,186.76057
2436,180.53,183.30295
2437,183.15999999999997,182.25557
2438,184.91,184.07771
2439,183.63,186.56247
2440,185.66,186.84323
2441,183.43,187.95383
2442,183.50999999999996,186.87943
2443,181.57,186.12195
2444,181.80999999999997,184.50133
2445,181.39999999999998,183.93098
2446,183.25,183.64189
2447,182.82999999999998,184.915
2448,184.91,185.4141
2449,185.36,186.92812
2450,182.92,187.92935
2451,187.2,186.52802
2452,188.35999999999999,188.45068
2453,189.8,190.41727
2454,196.84,192.15771
2455,186.27,197.47572
2456,187.74,192.764
2457,188.94,190.25452
2458,193.57,190.24629
2459,194.24,193.853
2460,196.32000000000002,196.3709
2461,195.15,198.59648
2462,200.57000000000002,198.46933
2463,201.91,201.55238
2464,197.84,203.98502
2465,200.34,201.9546
2466,196.33,202.00345
2467,198.44,199.5036
2468,203.51,199.58833
2469,204.7,203.48416
2470,206.25999999999996,206.46439
2471,210.70000000000002,208.50342
